in_userId,out_userId
u635,u265
u156,u86
u492,u1097
u418,u699
u774,u777
u966,u610
u993,u928
u841,u855
u164,u811
u733,u416
u1046,u951
u707,u345
u795,u74
u79,u10
u539,u463
u514,u1013
u774,u872
u1017,u999
u538,u653
u843,u208
u115,u117
u116,u50
u729,u733
u800,u895
u136,u959
u1062,u995
u998,u921
u1046,u998
u28,u193
u920,u959
u105,u167
u783,u1019
u560,u335
u847,u804
u885,u658
u649,u209
u27,u142
u1087,u977
u829,u808
u134,u47
u779,u853
u217,u314
u710,u851
u935,u978
u241,u794
u955,u939
u738,u836
u237,u981
u675,u526
u958,u1072
u39,u167
u811,u953
u394,u634
u360,u304
u779,u898
u747,u885
u198,u73
u1095,u1088
u541,u251
u319,u290
u762,u834
u800,u771
u1080,u961
u1087,u814
u89,u162
u893,u863
u835,u230
u996,u934
u818,u821
u837,u786
u811,u815
u788,u779
u782,u869
u939,u1097
u331,u946
u737,u729
u764,u803
u776,u307
u126,u58
u1038,u889
u535,u780
u1041,u1040
u989,u923
u812,u822
u1032,u913
u271,u476
u48,u187
u749,u781
u849,u852
u721,u735
u38,u69
u766,u824
u776,u863
u827,u132
u145,u775
u661,u542
u836,u792
u207,u436
u404,u421
u288,u190
u837,u757
u83,u142
u983,u1068
u682,u277
u66,u462
u1100,u1009
u592,u210
u992,u1019
u1046,u54
u451,u722
u792,u800
u340,u309
u842,u1016
u747,u740
u876,u758
u361,u531
u11,u149
u83,u189
u166,u27
u172,u171
u6,u116
u773,u811
u860,u873
u785,u881
u1036,u55
u699,u349
u605,u539
u1042,u960
u710,u763
u400,u1056
u854,u834
u1052,u905
u878,u757
u758,u956
u251,u378
u952,u1062
u155,u192
u825,u793
u875,u894
u254,u434
u1078,u1000
u551,u1059
u751,u719
u338,u303
u690,u295
u756,u729
u501,u268
u324,u999
u862,u828
u1048,u422
u523,u809
u609,u879
u862,u723
u90,u1087
u815,u739
u442,u927
u754,u821
u119,u69
u1095,u344
u629,u663
u284,u335
u732,u786
u19,u35
u315,u709
u189,u132
u734,u801
u116,u49
u915,u908
u1072,u1063
u1063,u1011
u785,u726
u1053,u687
u210,u604
u157,u197
u193,u7
u382,u708
u993,u1069
u879,u855
u437,u637
u759,u773
u181,u173
u182,u248
u54,u72
u988,u923
u840,u1078
u870,u725
u714,u846
u62,u940
u401,u497
u832,u737
u275,u389
u778,u207
u113,u43
u233,u265
u715,u794
u553,u524
u845,u724
u974,u399
u720,u797
u640,u1030
u479,u358
u1077,u979
u527,u493
u640,u441
u735,u807
u179,u72
u1045,u1076
u30,u165
u14,u177
u984,u572
u753,u768
u99,u65
u179,u1062
u583,u466
u975,u968
u761,u738
u867,u596
u932,u1078
u852,u810
u822,u845
u522,u244
u363,u587
u504,u656
u181,u991
u1029,u970
u737,u831
u690,u215
u1097,u978
u785,u782
u596,u624
u934,u1003
u558,u671
u869,u862
u970,u933
u154,u152
u683,u393
u928,u955
u861,u887
u782,u793
u1007,u1031
u671,u209
u61,u363
u901,u1090
u777,u821
u903,u911
u990,u1011
u1022,u1068
u122,u197
u925,u986
u594,u226
u713,u1035
u1011,u1065
u858,u279
u230,u125
u1008,u1014
u259,u1030
u937,u955
u987,u997
u787,u824
u347,u111
u865,u866
u858,u581
u501,u365
u926,u931
u10,u117
u850,u970
u66,u177
u891,u715
u878,u727
u823,u737
u1035,u957
u887,u744
u634,u698
u156,u194
u162,u122
u850,u731
u286,u173
u954,u1038
u476,u235
u664,u545
u1039,u452
u830,u821
u863,u831
u1083,u979
u940,u911
u331,u613
u143,u106
u983,u282
u1091,u964
u894,u756
u196,u82
u906,u1070
u705,u856
u672,u905
u846,u827
u362,u112
u1053,u948
u1061,u1090
u168,u136
u999,u1005
u715,u861
u844,u707
u548,u118
u1017,u711
u77,u372
u933,u988
u245,u540
u891,u814
u829,u413
u718,u876
u808,u850
u672,u623
u1063,u1082
u463,u616
u136,u11
u760,u725
u365,u221
u969,u1092
u805,u825
u828,u770
u767,u942
u828,u869
u1058,u946
u500,u216
u487,u551
u127,u208
u86,u64
u200,u158
u93,u966
u911,u1038
u31,u95
u967,u520
u64,u108
u906,u963
u822,u840
u870,u709
u140,u77
u861,u548
u999,u271
u115,u16
u183,u127
u164,u184
u71,u30
u1064,u515
u168,u66
u799,u844
u906,u1067
u890,u820
u916,u1084
u866,u782
u794,u60
u952,u922
u885,u769
u937,u1099
u35,u110
u160,u391
u1051,u1099
u1093,u940
u1044,u1029
u920,u965
u509,u862
u861,u751
u183,u23
u874,u720
u1035,u1033
u1059,u903
u748,u713
u211,u302
u165,u98
u214,u499
u915,u1077
u967,u216
u578,u607
u936,u940
u23,u764
u160,u107
u772,u704
u842,u802
u928,u944
u909,u995
u10,u37
u805,u775
u353,u207
u770,u741
u1029,u732
u1013,u976
u176,u19
u1064,u950
u615,u209
u865,u797
u1084,u72
u526,u448
u791,u761
u16,u164
u787,u523
u745,u770
u138,u30
u1100,u1085
u803,u116
u218,u57
u969,u1048
u494,u351
u966,u961
u1010,u803
u923,u782
u1019,u955
u1053,u1017
u947,u1029
u873,u701
u618,u507
u160,u166
u835,u820
u867,u808
u738,u846
u941,u1090
u725,u1090
u224,u1055
u276,u642
u962,u679
u916,u244
u894,u377
u79,u815
u799,u888
u961,u938
u232,u312
u188,u30
u765,u898
u664,u658
u718,u846
u1004,u1062
u68,u109
u952,u14
u182,u92
u724,u837
u448,u620
u467,u629
u1080,u993
u394,u645
u186,u61
u865,u92
u101,u557
u1042,u931
u827,u745
u276,u295
u63,u60
u609,u260
u848,u782
u851,u888
u979,u340
u742,u842
u110,u142
u905,u1014
u10,u802
u516,u238
u39,u74
u840,u839
u934,u845
u818,u828
u755,u825
u524,u255
u194,u108
u945,u958
u195,u469
u703,u822
u499,u551
u370,u705
u982,u1078
u840,u895
u871,u763
u1004,u989
u985,u1006
u392,u477
u877,u845
u860,u874
u735,u887
u166,u199
u403,u281
u817,u791
u989,u411
u772,u706
u128,u191
u339,u463
u417,u167
u1001,u1006
u808,u821
u1024,u908
u322,u577
u814,u743
u458,u777
u180,u195
u885,u715
u232,u370
u54,u185
u908,u460
u534,u563
u796,u834
u183,u175
u623,u1082
u1058,u1085
u386,u213
u874,u702
u1064,u1013
u814,u788
u888,u387
u708,u814
u106,u85
u722,u785
u702,u749
u834,u870
u199,u114
u606,u1049
u957,u988
u815,u786
u64,u139
u728,u834
u720,u851
u818,u841
u152,u132
u964,u223
u851,u854
u1011,u939
u304,u208
u758,u735
u422,u143
u131,u195
u447,u440
u220,u296
u438,u253
u995,u1075
u986,u964
u975,u182
u961,u1056
u1038,u656
u331,u346
u457,u406
u664,u771
u85,u799
u488,u377
u1091,u973
u868,u819
u32,u153
u840,u390
u802,u767
u51,u103
u333,u207
u898,u764
u138,u75
u1024,u919
u1089,u1033
u928,u953
u267,u580
u733,u703
u883,u855
u76,u183
u441,u443
u470,u961
u741,u871
u858,u885
u726,u815
u77,u3
u167,u339
u80,u199
u725,u798
u503,u428
u1048,u1009
u407,u791
u974,u1088
u1076,u1067
u584,u699
u182,u200
u835,u712
u160,u124
u786,u796
u308,u524
u70,u102
u776,u752
u341,u268
u1034,u1092
u186,u74
u991,u931
u1029,u470
u918,u1037
u739,u832
u593,u417
u422,u277
u274,u596
u67,u76
u529,u614
u664,u1065
u999,u1087
u746,u738
u686,u674
u851,u783
u819,u874
u785,u740
u461,u648
u186,u162
u802,u725
u1072,u1036
u259,u580
u496,u279
u832,u807
u897,u743
u1006,u982
u28,u106
u199,u64
u834,u873
u826,u771
u616,u383
u154,u707
u36,u59
u732,u799
u45,u472
u42,u46
u728,u872
u721,u822
u965,u1012
u788,u891
u822,u717
u790,u772
u519,u698
u866,u109
u1058,u572
u1084,u1100
u30,u152
u154,u103
u888,u890
u723,u809
u1064,u441
u1023,u1026
u590,u743
u913,u935
u313,u447
u914,u1000
u1086,u76
u194,u149
u466,u699
u932,u998
u996,u990
u854,u863
u191,u90
u739,u745
u137,u1090
u736,u613
u832,u771
u814,u1050
u785,u760
u46,u174
u1008,u911
u418,u507
u142,u952
u762,u804
u806,u844
u753,u220
u937,u595
u843,u1011
u728,u280
u1010,u948
u720,u746
u537,u545
u53,u143
u466,u514
u499,u857
u720,u864
u920,u910
u132,u61
u954,u1099
u97,u134
u398,u984
u477,u453
u747,u1015
u7,u76
u546,u163
u131,u16
u125,u175
u729,u772
u733,u800
u972,u983
u15,u9
u928,u1021
u398,u722
u657,u606
u838,u711
u99,u98
u916,u974
u897,u843
u361,u690
u277,u709
u859,u773
u886,u873
u846,u743
u619,u583
u988,u926
u712,u708
u847,u843
u679,u499
u845,u810
u50,u137
u813,u868
u221,u442
u773,u802
u835,u706
u942,u933
u1072,u902
u17,u170
u668,u460
u1048,u1042
u92,u28
u705,u830
u855,u799
u1093,u1075
u194,u59
u332,u552
u61,u663
u814,u768
u789,u715
u816,u891
u14,u58
u908,u463
u930,u982
u766,u885
u1066,u969
u899,u796
u82,u565
u727,u783
u544,u304
u349,u495
u132,u200
u1043,u925
u997,u1082
u965,u1025
u104,u1080
u759,u858
u197,u48
u261,u548
u920,u957
u865,u775
u235,u653
u718,u855
u736,u890
u1038,u537
u1072,u189
u744,u770
u921,u932
u964,u1052
u146,u168
u857,u789
u1064,u965
u305,u45
u33,u105
u805,u108
u1066,u929
u246,u589
u887,u756
u682,u451
u918,u1078
u396,u519
u835,u764
u971,u923
u607,u566
u744,u778
u136,u144
u636,u556
u1047,u656
u971,u1027
u135,u184
u712,u991
u856,u500
u456,u282
u676,u301
u75,u116
u435,u1015
u250,u386
u196,u105
u144,u162
u876,u766
u828,u899
u846,u776
u1070,u754
u32,u108
u720,u870
u712,u808
u49,u165
u86,u145
u559,u762
u96,u33
u41,u185
u409,u698
u329,u14
u918,u950
u128,u3
u759,u730
u749,u835
u836,u818
u740,u58
u614,u743
u867,u874
u85,u50
u35,u786
u1068,u703
u982,u1005
u742,u827
u1049,u143
u759,u499
u904,u925
u888,u728
u275,u562
u886,u828
u770,u817
u533,u357
u1091,u926
u894,u736
u885,u790
u68,u47
u981,u979
u1082,u985
u314,u609
u1010,u904
u281,u468
u837,u872
u295,u757
u250,u524
u141,u74
u612,u508
u87,u107
u1030,u1057
u795,u828
u752,u717
u945,u905
u319,u231
u57,u90
u881,u741
u228,u514
u778,u875
u716,u751
u838,u996
u1051,u943
u704,u717
u1098,u179
u691,u407
u986,u1045
u61,u148
u852,u727
u653,u1074
u49,u926
u747,u877
u900,u874
u771,u801
u169,u29
u58,u16
u906,u949
u1010,u930
u1013,u635
u886,u748
u764,u717
u25,u103
u792,u712
u487,u768
u762,u564
u843,u816
u969,u1069
u1057,u917
u277,u450
u69,u121
u1074,u961
u860,u785
u1071,u373
u72,u1031
u251,u574
u876,u814
u272,u490
u965,u966
u644,u520
u645,u649
u437,u387
u755,u777
u810,u1036
u1065,u1055
u151,u161
u561,u130
u996,u1047
u756,u795
u77,u42
u875,u747
u865,u712
u850,u865
u434,u427
u76,u81
u764,u793
u754,u867
u706,u718
u187,u132
u824,u772
u26,u457
u932,u958
u992,u906
u996,u675
u161,u116
u907,u1050
u945,u1087
u845,u814
u1082,u1012
u903,u947
u936,u951
u164,u37
u201,u421
u1043,u1084
u766,u917
u121,u56
u845,u733
u69,u1052
u191,u162
u45,u48
u853,u769
u850,u838
u122,u58
u997,u919
u386,u429
u86,u68
u869,u756
u1055,u786
u341,u496
u29,u415
u477,u895
u1087,u998
u534,u790
u356,u408
u160,u73
u30,u197
u672,u515
u1092,u975
u922,u96
u165,u196
u480,u553
u185,u88
u196,u121
u732,u703
u1011,u256
u147,u22
u989,u1053
u779,u821
u218,u329
u912,u968
u789,u882
u703,u765
u187,u182
u339,u580
u1074,u375
u844,u897
u162,u195
u320,u940
u194,u89
u1052,u498
u360,u560
u834,u897
u676,u970
u135,u49
u902,u770
u1052,u675
u413,u354
u817,u829
u102,u760
u297,u755
u796,u241
u1054,u1031
u731,u778
u52,u80
u43,u887
u858,u803
u343,u660
u122,u546
u251,u248
u763,u736
u49,u435
u711,u895
u52,u20
u716,u757
u648,u931
u555,u293
u79,u923
u569,u431
u3,u125
u880,u729
u635,u409
u902,u1075
u168,u68
u825,u782
u352,u917
u909,u964
u946,u1067
u698,u358
u398,u554
u46,u90
u448,u579
u799,u874
u814,u1029
u169,u185
u923,u690
u75,u883
u458,u221
u800,u712
u945,u274
u890,u803
u25,u1021
u726,u884
u233,u952
u893,u711
u572,u354
u768,u892
u178,u105
u231,u491
u1074,u912
u1063,u1097
u41,u117
u520,u611
u836,u712
u251,u614
u32,u91
u920,u1069
u1099,u450
u769,u784
u1025,u1073
u74,u750
u14,u61
u1057,u939
u102,u38
u305,u24
u370,u620
u490,u483
u25,u936
u782,u811
u718,u703
u378,u232
u761,u873
u754,u783
u729,u588
u104,u148
u748,u753
u523,u345
u176,u144
u849,u769
u1056,u1028
u589,u123
u877,u829
u716,u758
u653,u805
u707,u721
u300,u987
u980,u808
u720,u762
u589,u434
u523,u638
u1089,u159
u138,u57
u756,u797
u107,u63
u158,u59
u98,u169
u899,u852
u746,u728
u710,u845
u590,u338
u69,u75
u946,u960
u896,u822
u470,u599
u726,u846
u1076,u1064
u862,u798
u417,u237
u271,u672
u1011,u1050
u356,u122
u845,u707
u403,u689
u736,u897
u121,u119
u903,u929
u893,u881
u1040,u1005
u573,u103
u914,u586
u358,u570
u781,u899
u1052,u824
u813,u736
u2,u78
u333,u349
u772,u745
u850,u824
u813,u728
u691,u218
u425,u768
u41,u167
u990,u1056
u79,u118
u1081,u933
u920,u1076
u1051,u770
u34,u39
u1043,u77
u1036,u999
u777,u760
u10,u44
u868,u832
u729,u726
u915,u927
u1013,u1089
u1029,u999
u21,u54
u780,u866
u950,u96
u65,u181
u496,u323
u642,u484
u83,u451
u1041,u920
u257,u233
u869,u127
u856,u703
u1069,u910
u400,u648
u449,u923
u120,u124
u956,u1057
u259,u388
u180,u189
u845,u741
u139,u90
u119,u38
u934,u924
u302,u977
u159,u86
u939,u951
u676,u398
u333,u251
u756,u727
u732,u784
u1003,u970
u436,u769
u682,u437
u986,u282
u331,u172
u745,u816
u1032,u1072
u581,u868
u1002,u1075
u241,u605
u817,u743
u293,u387
u711,u887
u19,u153
u720,u779
u35,u171
u198,u62
u712,u783
u956,u972
u61,u143
u959,u1097
u175,u174
u1051,u289
u328,u77
u920,u1028
u832,u725
u519,u969
u982,u1092
u691,u499
u961,u1095
u147,u1042
u863,u812
u747,u704
u829,u807
u845,u801
u944,u905
u84,u51
u860,u892
u160,u35
u13,u26
u807,u708
u729,u786
u892,u718
u156,u181
u412,u631
u929,u342
u944,u945
u882,u346
u62,u18
u915,u948
u763,u892
u712,u401
u714,u871
u971,u902
u739,u855
u743,u464
u886,u878
u178,u1048
u428,u340
u990,u925
u795,u891
u571,u264
u628,u110
u890,u787
u984,u932
u487,u239
u883,u850
u896,u831
u938,u1038
u98,u921
u852,u820
u648,u994
u936,u972
u538,u631
u884,u831
u732,u813
u1031,u1091
u477,u306
u909,u1058
u813,u865
u157,u63
u23,u630
u801,u710
u70,u88
u796,u416
u901,u1025
u742,u753
u110,u112
u895,u306
u980,u119
u41,u183
u861,u733
u972,u1047
u866,u791
u888,u819
u911,u984
u133,u229
u877,u724
u885,u892
u181,u37
u1097,u997
u819,u876
u710,u875
u853,u819
u839,u754
u190,u83
u679,u542
u861,u868
u575,u225
u438,u252
u142,u493
u1080,u1035
u33,u353
u709,u715
u787,u878
u67,u933
u652,u951
u31,u28
u850,u938
u126,u25
u412,u387
u438,u357
u923,u657
u11,u48
u878,u855
u1021,u1024
u1003,u1006
u351,u626
u836,u756
u1004,u745
u132,u227
u199,u965
u350,u460
u960,u1037
u821,u947
u894,u170
u83,u49
u794,u5
u327,u365
u130,u62
u736,u891
u957,u1016
u180,u83
u873,u898
u399,u247
u1012,u471
u972,u1054
u1063,u833
u793,u618
u76,u687
u68,u36
u827,u519
u372,u229
u899,u281
u194,u34
u862,u854
u147,u1065
u796,u861
u721,u865
u47,u148
u652,u628
u87,u155
u616,u170
u270,u531
u523,u475
u995,u260
u411,u474
u472,u218
u47,u49
u307,u289
u878,u779
u993,u247
u757,u852
u64,u158
u98,u57
u93,u499
u861,u154
u201,u740
u572,u277
u597,u858
u979,u307
u716,u794
u20,u70
u767,u13
u338,u1009
u268,u610
u489,u283
u28,u85
u249,u260
u347,u418
u726,u731
u871,u797
u911,u1065
u262,u418
u808,u818
u1030,u963
u890,u759
u757,u769
u110,u48
u662,u305
u1008,u904
u388,u481
u24,u184
u384,u253
u783,u899
u1020,u977
u880,u721
u411,u531
u896,u730
u710,u591
u9,u8
u794,u818
u64,u41
u762,u419
u824,u864
u128,u45
u83,u829
u34,u35
u874,u791
u738,u808
u344,u220
u908,u677
u407,u549
u967,u998
u362,u653
u591,u232
u581,u1067
u927,u1082
u1007,u962
u835,u761
u838,u855
u758,u798
u325,u314
u802,u811
u377,u490
u29,u96
u67,u440
u150,u196
u743,u763
u850,u1054
u924,u936
u836,u706
u133,u160
u799,u866
u201,u711
u4,u1066
u1056,u984
u178,u10
u747,u655
u932,u906
u131,u449
u326,u951
u805,u857
u811,u862
u1084,u935
u428,u227
u738,u743
u351,u130
u814,u733
u732,u706
u34,u691
u853,u898
u1047,u1023
u788,u778
u928,u1097
u935,u1072
u941,u41
u1065,u913
u167,u64
u873,u758
u947,u1018
u932,u916
u785,u792
u803,u722
u91,u1019
u881,u839
u868,u869
u948,u1095
u89,u240
u854,u733
u197,u164
u841,u792
u742,u838
u1018,u980
u897,u853
u1047,u1004
u925,u937
u818,u759
u874,u875
u100,u75
u841,u797
u1067,u395
u944,u1003
u996,u1018
u174,u1092
u135,u892
u568,u698
u963,u943
u596,u426
u72,u1065
u864,u809
u301,u991
u835,u323
u1001,u1013
u82,u8
u889,u882
u42,u137
u734,u738
u145,u45
u981,u940
u789,u899
u708,u797
u993,u1038
u125,u823
u417,u543
u669,u452
u794,u879
u906,u1014
u888,u810
u844,u801
u207,u548
u36,u38
u834,u783
u34,u182
u789,u855
u1021,u1009
u691,u640
u787,u942
u1030,u945
u77,u14
u973,u1068
u172,u170
u113,u99
u718,u765
u191,u39
u946,u1027
u835,u742
u120,u130
u900,u791
u915,u912
u138,u169
u175,u73
u985,u1058
u12,u71
u3,u514
u82,u155
u883,u767
u686,u272
u1006,u1029
u849,u712
u712,u715
u831,u729
u968,u747
u928,u971
u52,u186
u1089,u1075
u861,u713
u873,u862
u95,u12
u162,u188
u968,u904
u62,u111
u841,u873
u525,u845
u764,u769
u794,u813
u33,u173
u907,u1056
u880,u889
u1071,u1013
u309,u483
u44,u61
u196,u801
u442,u329
u387,u313
u89,u120
u1024,u188
u631,u806
u831,u815
u814,u871
u841,u897
u842,u836
u918,u1026
u689,u984
u778,u723
u919,u944
u981,u903
u1073,u631
u701,u853
u742,u739
u924,u1045
u53,u25
u627,u605
u89,u145
u436,u604
u404,u228
u1012,u973
u704,u818
u1067,u999
u219,u427
u158,u80
u859,u843
u853,u830
u796,u854
u618,u206
u630,u418
u784,u841
u801,u720
u951,u1067
u783,u772
u1016,u960
u779,u767
u892,u851
u168,u118
u861,u150
u1053,u1089
u929,u1013
u535,u156
u214,u201
u718,u837
u975,u901
u97,u130
u715,u777
u933,u908
u25,u193
u27,u8
u89,u166
u471,u1099
u738,u760
u759,u900
u766,u798
u45,u739
u321,u436
u219,u381
u325,u411
u447,u657
u962,u983
u143,u62
u77,u132
u53,u67
u982,u59
u305,u314
u858,u707
u759,u715
u446,u344
u74,u40
u800,u847
u274,u300
u810,u754
u342,u386
u926,u783
u636,u124
u174,u354
u111,u61
u402,u447
u1036,u1071
u880,u750
u718,u838
u882,u816
u32,u10
u169,u184
u108,u46
u970,u995
u952,u914
u96,u166
u924,u1098
u827,u860
u835,u805
u554,u559
u951,u1099
u219,u920
u455,u890
u997,u929
u637,u435
u653,u463
u105,u114
u408,u389
u1027,u1001
u820,u829
u980,u1072
u943,u1064
u361,u402
u847,u716
u126,u778
u70,u116
u1,u83
u200,u19
u855,u865
u638,u636
u173,u327
u922,u234
u987,u595
u174,u22
u615,u279
u360,u397
u742,u830
u333,u225
u51,u11
u880,u468
u917,u260
u1005,u1064
u349,u643
u898,u832
u974,u1073
u876,u715
u569,u209
u1088,u1055
u780,u855
u774,u874
u1084,u957
u467,u346
u127,u541
u837,u814
u276,u408
u1026,u1084
u111,u101
u904,u890
u514,u257
u474,u637
u66,u256
u470,u420
u582,u64
u1058,u966
u845,u853
u1033,u33
u417,u279
u134,u159
u892,u757
u994,u715
u1032,u960
u79,u12
u527,u286
u717,u833
u729,u152
u653,u230
u708,u756
u872,u702
u119,u113
u887,u860
u973,u716
u1013,u1062
u708,u849
u197,u83
u296,u879
u37,u881
u456,u489
u526,u743
u482,u625
u320,u73
u157,u748
u787,u796
u996,u1035
u176,u145
u110,u65
u708,u803
u998,u1005
u141,u127
u919,u1088
u815,u753
u905,u977
u728,u784
u759,u775
u1014,u994
u1081,u35
u725,u653
u728,u768
u868,u886
u781,u865
u496,u217
u566,u627
u258,u118
u846,u805
u875,u774
u251,u952
u133,u151
u1083,u926
u35,u109
u816,u868
u701,u785
u55,u193
u872,u742
u805,u768
u815,u844
u131,u84
u413,u472
u358,u535
u80,u125
u1031,u609
u332,u238
u971,u294
u563,u966
u713,u724
u851,u732
u1093,u979
u364,u408
u136,u150
u306,u492
u819,u810
u248,u690
u1024,u923
u601,u379
u1062,u487
u867,u804
u771,u850
u843,u886
u461,u693
u86,u130
u345,u727
u749,u853
u23,u101
u217,u1098
u394,u398
u131,u159
u707,u1096
u792,u895
u969,u1071
u884,u573
u1078,u1019
u775,u829
u872,u825
u565,u333
u594,u447
u58,u69
u838,u739
u176,u182
u224,u831
u1049,u426
u752,u895
u465,u666
u10,u444
u988,u743
u829,u333
u138,u80
u106,u177
u1082,u807
u334,u317
u167,u72
u744,u783
u678,u367
u578,u670
u1020,u1070
u753,u160
u180,u71
u1063,u964
u741,u820
u923,u1088
u753,u763
u447,u238
u709,u785
u244,u679
u868,u756
u1028,u1030
u605,u52
u887,u829
u771,u1062
u959,u1077
u54,u49
u208,u379
u998,u1013
u944,u1005
u464,u768
u41,u445
u794,u719
u816,u769
u116,u352
u508,u80
u358,u439
u930,u246
u859,u737
u123,u493
u560,u683
u1017,u658
u992,u1093
u1087,u448
u62,u314
u484,u779
u836,u899
u994,u1078
u963,u907
u946,u902
u582,u34
u422,u498
u318,u583
u714,u1041
u92,u25
u834,u724
u661,u408
u942,u1025
u782,u855
u585,u672
u777,u900
u1099,u769
u117,u73
u758,u858
u773,u873
u844,u876
u852,u857
u45,u198
u152,u166
u775,u867
u756,u881
u50,u104
u765,u831
u74,u101
u121,u11
u401,u348
u796,u708
u986,u1063
u265,u525
u977,u1096
u277,u234
u726,u842
u29,u81
u80,u49
u714,u806
u799,u758
u766,u721
u1093,u904
u509,u728
u535,u377
u804,u803
u881,u810
u170,u123
u887,u831
u18,u511
u345,u164
u369,u334
u89,u319
u1032,u951
u138,u164
u868,u831
u1071,u1000
u13,u81
u386,u365
u267,u1085
u1015,u903
u721,u808
u899,u855
u785,u790
u3,u105
u1040,u1066
u429,u580
u885,u749
u202,u548
u1055,u940
u1097,u1078
u250,u353
u1041,u1086
u1056,u1079
u886,u840
u249,u595
u1078,u948
u100,u30
u628,u659
u68,u459
u724,u755
u327,u556
u120,u455
u545,u368
u901,u1079
u67,u660
u530,u96
u27,u503
u47,u73
u910,u992
u1039,u952
u1028,u1051
u201,u831
u450,u707
u673,u663
u229,u640
u979,u483
u1079,u1057
u799,u759
u283,u62
u1025,u989
u780,u153
u821,u802
u47,u166
u857,u754
u1020,u986
u1090,u824
u8,u59
u708,u830
u562,u698
u161,u102
u1100,u951
u1034,u1028
u672,u1053
u39,u119
u44,u1100
u30,u106
u11,u55
u56,u1005
u707,u714
u865,u883
u1066,u1008
u849,u714
u836,u713
u186,u93
u175,u143
u1011,u1048
u1045,u800
u827,u760
u36,u621
u421,u655
u752,u767
u1074,u1020
u781,u837
u328,u1022
u116,u131
u89,u193
u1033,u936
u521,u553
u26,u58
u1060,u971
u766,u871
u879,u811
u864,u860
u996,u309
u1015,u1017
u1077,u1094
u842,u788
u102,u30
u1005,u1014
u1099,u1049
u711,u884
u1003,u1060
u874,u751
u44,u125
u736,u880
u193,u177
u638,u398
u875,u749
u986,u1087
u99,u754
u999,u920
u732,u879
u942,u1089
u1,u151
u337,u288
u943,u940
u817,u828
u241,u703
u949,u971
u233,u802
u783,u887
u840,u723
u937,u949
u1078,u162
u1046,u5
u779,u826
u200,u102
u762,u749
u895,u751
u337,u269
u747,u858
u767,u320
u1063,u1087
u833,u755
u814,u812
u77,u25
u1007,u987
u415,u656
u842,u857
u844,u849
u967,u1030
u5,u163
u804,u828
u147,u161
u846,u1003
u332,u677
u1051,u937
u122,u196
u812,u722
u914,u988
u311,u1047
u816,u842
u588,u1012
u987,u546
u101,u114
u145,u529
u474,u898
u195,u172
u998,u1027
u599,u645
u1054,u964
u878,u1022
u741,u751
u300,u256
u492,u774
u1100,u1095
u933,u476
u792,u725
u23,u50
u1071,u1009
u822,u775
u689,u413
u214,u260
u174,u94
u54,u935
u420,u401
u28,u11
u1048,u983
u803,u1085
u963,u973
u536,u379
u40,u65
u115,u948
u78,u876
u869,u734
u678,u289
u727,u847
u138,u156
u241,u775
u796,u784
u877,u943
u730,u753
u984,u1073
u215,u358
u1067,u1009
u159,u1050
u525,u843
u319,u421
u962,u1014
u156,u189
u983,u956
u309,u415
u948,u1004
u884,u874
u680,u528
u1029,u934
u585,u754
u703,u794
u931,u1018
u890,u878
u107,u120
u996,u933
u338,u255
u896,u757
u975,u1027
u996,u1059
u65,u104
u632,u589
u104,u98
u169,u162
u861,u841
u298,u951
u82,u102
u680,u219
u34,u115
u495,u723
u1050,u1093
u868,u880
u11,u188
u787,u771
u10,u116
u163,u185
u478,u591
u195,u62
u789,u833
u459,u495
u824,u843
u1038,u738
u232,u460
u616,u987
u967,u999
u604,u261
u1048,u956
u510,u253
u152,u54
u64,u174
u1080,u914
u819,u706
u438,u572
u894,u805
u281,u638
u729,u855
u401,u653
u754,u866
u819,u746
u758,u810
u51,u180
u94,u16
u161,u50
u995,u1073
u768,u777
u797,u718
u867,u708
u605,u1052
u161,u44
u670,u798
u830,u822
u73,u176
u84,u560
u1048,u998
u979,u999
u74,u75
u1031,u1098
u69,u68
u569,u231
u969,u903
u586,u1001
u222,u214
u514,u368
u904,u1052
u603,u699
u52,u771
u87,u141
u657,u550
u885,u757
u745,u858
u145,u544
u194,u42
u707,u920
u885,u881
u770,u767
u1073,u994
u894,u825
u966,u731
u772,u703
u901,u997
u99,u82
u817,u724
u1024,u929
u597,u651
u1079,u921
u829,u814
u838,u804
u1056,u308
u13,u23
u1070,u917
u755,u804
u59,u93
u957,u1100
u463,u335
u789,u740
u914,u1017
u178,u37
u80,u22
u118,u221
u511,u847
u761,u756
u307,u782
u715,u866
u976,u981
u47,u153
u885,u888
u736,u883
u186,u152
u132,u1089
u75,u185
u24,u98
u163,u498
u627,u89
u85,u82
u903,u1008
u175,u179
u239,u963
u740,u857
u840,u774
u870,u716
u379,u454
u894,u881
u398,u494
u730,u821
u803,u802
u997,u931
u818,u774
u265,u199
u164,u94
u888,u782
u558,u519
u1065,u1023
u818,u741
u971,u996
u1048,u356
u939,u1095
u720,u213
u646,u423
u958,u938
u1009,u989
u792,u874
u1063,u1033
u118,u252
u41,u329
u31,u99
u147,u108
u90,u123
u361,u204
u85,u176
u568,u608
u929,u596
u811,u763
u858,u863
u346,u367
u976,u1000
u425,u988
u251,u214
u954,u981
u223,u694
u970,u919
u49,u74
u93,u72
u1051,u954
u735,u815
u289,u461
u888,u793
u68,u165
u328,u366
u822,u733
u314,u473
u192,u137
u1052,u1089
u950,u1046
u598,u284
u728,u744
u656,u442
u824,u796
u581,u358
u849,u763
u449,u1061
u96,u134
u754,u829
u802,u739
u63,u8
u136,u185
u821,u227
u262,u162
u342,u823
u150,u131
u650,u596
u32,u102
u1029,u938
u722,u711
u1071,u1075
u1021,u732
u874,u877
u956,u1094
u855,u456
u925,u1021
u115,u130
u7,u150
u786,u861
u819,u722
u617,u599
u863,u739
u293,u625
u27,u65
u178,u145
u905,u270
u962,u919
u1046,u1067
u1069,u985
u145,u103
u1041,u998
u762,u865
u290,u316
u64,u652
u1058,u1072
u183,u198
u1006,u1076
u723,u845
u208,u603
u126,u37
u1054,u566
u220,u848
u780,u819
u922,u1086
u1009,u943
u704,u767
u861,u657
u77,u129
u30,u53
u767,u456
u1028,u1046
u208,u313
u1045,u786
u351,u412
u709,u838
u278,u634
u878,u844
u147,u130
u485,u611
u67,u819
u71,u119
u63,u111
u702,u824
u481,u931
u164,u107
u839,u784
u899,u766
u327,u578
u255,u43
u740,u831
u864,u715
u13,u99
u1083,u188
u866,u807
u744,u785
u593,u454
u251,u266
u446,u372
u839,u818
u737,u856
u676,u321
u863,u669
u991,u917
u639,u483
u754,u738
u821,u834
u226,u339
u760,u790
u728,u737
u1012,u229
u716,u704
u1007,u1090
u94,u102
u136,u40
u857,u791
u791,u740
u203,u1055
u833,u814
u869,u800
u774,u765
u559,u274
u796,u835
u482,u263
u726,u1025
u934,u1058
u684,u264
u475,u349
u479,u52
u550,u544
u450,u428
u752,u814
u783,u730
u701,u857
u722,u778
u174,u193
u526,u374
u955,u1077
u890,u872
u810,u743
u734,u858
u778,u880
u252,u620
u13,u104
u149,u24
u543,u574
u153,u138
u808,u870
u107,u64
u930,u1077
u874,u796
u327,u660
u741,u807
u29,u16
u221,u511
u923,u1099
u31,u19
u746,u757
u1036,u969
u312,u638
u794,u747
u797,u899
u751,u747
u674,u323
u875,u795
u535,u504
u834,u708
u651,u451
u798,u885
u784,u836
u229,u682
u353,u527
u1,u74
u249,u615
u126,u608
u854,u735
u181,u13
u703,u205
u381,u27
u182,u125
u76,u164
u571,u689
u136,u623
u874,u683
u224,u637
u741,u892
u736,u838
u229,u390
u926,u635
u872,u753
u280,u630
u603,u245
u570,u972
u1003,u314
u851,u318
u135,u1020
u759,u821
u152,u86
u496,u676
u748,u889
u115,u856
u999,u909
u1025,u1086
u1026,u982
u973,u976
u209,u594
u784,u892
u130,u45
u18,u182
u1048,u778
u600,u143
u354,u874
u550,u723
u846,u824
u35,u106
u1084,u974
u335,u729
u838,u892
u191,u419
u1070,u1088
u861,u892
u867,u844
u1051,u1085
u484,u614
u73,u165
u30,u143
u768,u786
u785,u786
u199,u1
u740,u826
u845,u745
u826,u817
u940,u967
u853,u860
u916,u1015
u879,u709
u573,u594
u1041,u1066
u270,u285
u1082,u930
u29,u53
u638,u742
u196,u170
u38,u143
u174,u52
u128,u157
u922,u1043
u324,u445
u194,u92
u1032,u996
u1064,u960
u967,u378
u936,u427
u1097,u654
u654,u417
u367,u124
u761,u883
u105,u805
u716,u879
u469,u182
u61,u32
u189,u890
u355,u102
u783,u734
u153,u560
u420,u677
u127,u169
u267,u212
u390,u1002
u522,u802
u1009,u149
u13,u126
u436,u445
u732,u733
u375,u1086
u752,u804
u884,u710
u482,u704
u359,u833
u896,u808
u741,u541
u58,u7
u53,u101
u260,u568
u285,u511
u783,u796
u216,u546
u287,u491
u514,u409
u78,u137
u261,u1027
u263,u103
u1036,u928
u738,u835
u892,u887
u961,u96
u99,u126
u1081,u502
u532,u266
u745,u743
u2,u520
u1067,u602
u809,u716
u249,u570
u858,u726
u788,u723
u832,u816
u704,u896
u363,u408
u1070,u1003
u754,u822
u388,u412
u170,u77
u656,u184
u304,u463
u921,u1040
u25,u187
u297,u244
u761,u879
u69,u144
u766,u760
u111,u991
u580,u163
u360,u635
u514,u366
u790,u784
u543,u634
u945,u946
u543,u201
u994,u1068
u475,u850
u723,u831
u922,u979
u439,u596
u353,u675
u963,u1049
u564,u681
u143,u186
u664,u406
u160,u9
u1074,u1089
u194,u176
u750,u775
u850,u810
u98,u1088
u608,u325
u775,u572
u885,u109
u773,u739
u768,u737
u412,u44
u694,u259
u722,u713
u355,u624
u459,u553
u744,u45
u40,u48
u46,u1067
u849,u733
u1036,u957
u1070,u1021
u245,u557
u1004,u1024
u1008,u923
u80,u178
u40,u841
u900,u646
u727,u761
u1059,u973
u377,u935
u239,u945
u984,u956
u754,u820
u79,u146
u672,u347
u255,u423
u1100,u897
u775,u852
u84,u1031
u613,u1031
u877,u897
u156,u182
u1016,u954
u438,u435
u875,u767
u847,u737
u580,u9
u911,u831
u828,u898
u900,u732
u569,u338
u606,u945
u912,u1015
u26,u16
u848,u757
u846,u890
u1062,u1088
u3,u73
u1053,u421
u115,u629
u350,u225
u846,u889
u858,u86
u198,u97
u484,u915
u771,u823
u167,u12
u946,u1089
u730,u890
u956,u994
u1047,u902
u789,u861
u292,u256
u735,u899
u571,u668
u257,u25
u5,u74
u929,u1081
u337,u538
u732,u708
u727,u886
u1054,u996
u304,u363
u105,u7
u812,u831
u77,u164
u884,u789
u1032,u916
u121,u139
u893,u615
u201,u454
u1005,u921
u586,u204
u716,u709
u835,u893
u189,u936
u110,u40
u754,u876
u875,u712
u850,u742
u834,u874
u417,u722
u143,u630
u1027,u973
u715,u804
u1029,u963
u799,u859
u87,u134
u789,u708
u207,u554
u984,u324
u323,u378
u7,u499
u795,u727
u795,u723
u122,u183
u804,u771
u107,u122
u622,u625
u818,u725
u878,u790
u1051,u1056
u414,u772
u703,u854
u1079,u1002
u1061,u944
u780,u115
u140,u186
u793,u874
u693,u304
u28,u198
u761,u775
u524,u370
u789,u750
u704,u829
u892,u900
u759,u875
u217,u194
u176,u113
u778,u830
u807,u557
u1083,u1080
u166,u1034
u396,u536
u846,u755
u430,u395
u674,u613
u893,u760
u531,u79
u706,u881
u391,u758
u591,u893
u626,u632
u116,u168
u802,u897
u981,u907
u439,u592
u939,u934
u668,u697
u43,u85
u771,u884
u963,u1013
u864,u840
u601,u233
u866,u743
u782,u777
u973,u936
u1037,u1019
u899,u88
u78,u96
u729,u812
u824,u523
u788,u856
u737,u742
u56,u135
u450,u902
u803,u853
u701,u829
u830,u785
u640,u857
u16,u68
u168,u99
u40,u119
u261,u328
u82,u33
u159,u194
u1095,u268
u594,u1081
u1007,u142
u828,u802
u16,u136
u171,u190
u1041,u1018
u907,u970
u641,u944
u841,u750
u580,u452
u24,u2
u99,u22
u987,u919
u758,u773
u950,u1081
u1045,u935
u1090,u967
u776,u812
u122,u49
u1044,u940
u1056,u1072
u951,u1095
u665,u475
u953,u935
u561,u413
u101,u118
u146,u103
u394,u381
u719,u579
u843,u869
u845,u889
u891,u812
u737,u890
u989,u1001
u357,u567
u430,u584
u811,u831
u687,u807
u782,u1020
u159,u183
u293,u516
u908,u1082
u262,u592
u319,u520
u1057,u919
u714,u832
u513,u464
u156,u800
u743,u73
u582,u522
u930,u1002
u820,u1091
u731,u95
u1028,u441
u841,u776
u1031,u1089
u384,u493
u701,u714
u115,u181
u882,u732
u769,u463
u255,u500
u767,u793
u811,u737
u179,u155
u1002,u1028
u336,u285
u583,u413
u942,u928
u289,u228
u818,u843
u838,u704
u715,u762
u61,u153
u799,u872
u120,u150
u972,u1067
u779,u730
u66,u6
u88,u589
u871,u914
u134,u91
u34,u13
u256,u278
u721,u503
u792,u397
u483,u359
u1022,u546
u700,u437
u942,u1088
u140,u67
u273,u430
u798,u792
u867,u723
u1025,u59
u101,u1068
u970,u1076
u801,u894
u478,u240
u786,u708
u442,u35
u742,u726
u257,u311
u404,u230
u705,u813
u726,u810
u1008,u117
u801,u878
u161,u98
u110,u58
u871,u704
u340,u583
u84,u44
u459,u652
u831,u721
u198,u189
u593,u236
u778,u727
u780,u834
u816,u735
u803,u534
u421,u402
u917,u1026
u608,u806
u103,u97
u1087,u500
u856,u832
u725,u778
u748,u841
u1092,u845
u593,u100
u651,u805
u643,u367
u564,u863
u542,u602
u516,u519
u803,u801
u1025,u1094
u111,u66
u853,u784
u701,u816
u733,u756
u438,u323
u2,u193
u724,u704
u193,u806
u910,u1004
u28,u157
u794,u1012
u631,u155
u721,u861
u748,u710
u580,u481
u417,u342
u459,u159
u799,u703
u510,u511
u814,u882
u261,u458
u605,u6
u549,u453
u137,u120
u743,u798
u861,u752
u193,u66
u912,u938
u1033,u977
u842,u764
u704,u702
u751,u755
u367,u374
u766,u716
u118,u15
u459,u638
u79,u796
u842,u744
u418,u674
u819,u998
u111,u17
u560,u35
u259,u279
u661,u25
u823,u724
u75,u30
u1064,u1096
u56,u659
u138,u279
u100,u942
u842,u337
u433,u323
u640,u898
u138,u21
u724,u864
u120,u37
u935,u220
u1043,u1097
u335,u619
u562,u80
u547,u406
u44,u151
u1059,u991
u34,u112
u102,u174
u695,u491
u1066,u205
u371,u313
u731,u35
u1008,u19
u67,u507
u416,u909
u214,u544
u930,u938
u882,u762
u126,u925
u804,u862
u755,u897
u948,u1098
u885,u1049
u408,u383
u855,u813
u45,u163
u978,u1056
u743,u815
u58,u130
u134,u6
u937,u934
u291,u500
u728,u820
u128,u150
u842,u812
u957,u967
u760,u802
u1081,u1034
u977,u1022
u873,u793
u394,u444
u509,u658
u771,u762
u1059,u919
u744,u802
u462,u659
u736,u828
u146,u169
u832,u891
u155,u542
u896,u727
u735,u863
u980,u954
u842,u896
u595,u687
u747,u807
u862,u845
u61,u114
u104,u773
u52,u189
u328,u585
u93,u40
u724,u29
u1090,u1068
u814,u431
u348,u331
u67,u56
u966,u784
u1014,u987
u1020,u1001
u10,u58
u1004,u1074
u148,u784
u94,u6
u641,u522
u997,u1033
u374,u355
u270,u491
u1010,u955
u79,u34
u799,u863
u127,u50
u868,u810
u136,u100
u747,u361
u892,u766
u34,u134
u1040,u975
u1020,u1086
u239,u481
u742,u854
u557,u22
u948,u1015
u711,u324
u144,u97
u224,u387
u33,u817
u994,u1071
u715,u874
u5,u168
u811,u889
u767,u796
u662,u524
u717,u418
u657,u155
u143,u123
u992,u951
u706,u132
u872,u730
u705,u848
u360,u444
u167,u113
u808,u679
u409,u852
u887,u704
u31,u865
u759,u884
u824,u717
u648,u775
u717,u829
u49,u132
u779,u748
u917,u928
u978,u420
u254,u545
u929,u472
u739,u765
u605,u432
u908,u1034
u126,u770
u810,u840
u529,u565
u803,u864
u1032,u306
u80,u194
u702,u885
u128,u752
u1059,u1012
u713,u620
u151,u123
u98,u883
u169,u39
u411,u860
u129,u115
u944,u605
u876,u884
u757,u749
u1082,u999
u234,u558
u718,u803
u995,u963
u9,u590
u830,u737
u157,u70
u49,u150
u1010,u1013
u721,u793
u711,u736
u1044,u545
u980,u984
u603,u911
u26,u179
u1001,u71
u763,u728
u762,u849
u765,u798
u813,u838
u45,u164
u9,u117
u837,u742
u913,u875
u693,u176
u213,u507
u1086,u944
u283,u36
u166,u101
u800,u780
u805,u747
u715,u763
u315,u325
u844,u888
u768,u107
u43,u6
u938,u939
u810,u843
u520,u354
u20,u156
u135,u595
u988,u1071
u929,u698
u773,u876
u1003,u993
u820,u727
u998,u1012
u701,u764
u1056,u939
u709,u102
u833,u785
u714,u868
u857,u875
u414,u203
u214,u271
u33,u21
u726,u98
u773,u1016
u159,u179
u111,u136
u351,u236
u738,u392
u95,u8
u895,u730
u133,u871
u846,u730
u378,u834
u973,u984
u793,u785
u618,u346
u93,u195
u536,u844
u766,u765
u785,u721
u634,u532
u572,u763
u497,u575
u778,u718
u801,u354
u593,u462
u686,u228
u398,u423
u759,u762
u554,u784
u846,u702
u824,u284
u122,u187
u777,u711
u137,u786
u770,u864
u1064,u963
u587,u185
u803,u702
u754,u858
u541,u565
u1033,u1036
u76,u172
u962,u333
u893,u775
u75,u25
u766,u730
u931,u947
u187,u95
u317,u508
u642,u557
u94,u77
u24,u95
u744,u752
u1009,u1099
u875,u56
u713,u882
u116,u745
u728,u863
u717,u808
u773,u766
u858,u812
u721,u753
u716,u832
u302,u535
u842,u252
u1067,u985
u185,u157
u44,u159
u760,u863
u128,u168
u165,u138
u674,u144
u247,u551
u1095,u1084
u428,u367
u944,u1017
u903,u1093
u30,u104
u805,u841
u80,u162
u61,u69
u74,u58
u984,u493
u732,u836
u984,u1086
u802,u837
u869,u878
u888,u752
u736,u866
u1010,u1022
u16,u498
u139,u609
u975,u1023
u1035,u922
u1100,u991
u1000,u583
u17,u811
u108,u54
u382,u795
u24,u174
u924,u914
u13,u119
u770,u881
u765,u707
u743,u900
u936,u1011
u841,u702
u257,u797
u865,u774
u90,u163
u780,u844
u831,u843
u889,u940
u734,u781
u727,u732
u152,u182
u40,u153
u887,u730
u288,u516
u479,u406
u827,u814
u758,u867
u654,u476
u733,u705
u716,u876
u166,u143
u460,u457
u980,u976
u890,u745
u666,u782
u981,u924
u8,u314
u755,u895
u738,u771
u885,u871
u839,u789
u107,u80
u861,u778
u779,u781
u431,u664
u1025,u1016
u267,u576
u806,u874
u793,u880
u377,u366
u784,u233
u168,u138
u197,u160
u82,u554
u352,u494
u816,u874
u423,u551
u987,u1074
u1038,u1058
u274,u379
u984,u122
u546,u635
u333,u684
u20,u125
u714,u855
u1068,u171
u168,u180
u559,u654
u419,u616
u661,u356
u1032,u1079
u1053,u251
u23,u151
u803,u945
u847,u829
u880,u738
u39,u53
u513,u846
u827,u836
u478,u700
u817,u799
u896,u840
u1043,u918
u758,u796
u106,u150
u555,u244
u351,u430
u262,u591
u895,u896
u124,u97
u761,u815
u721,u661
u880,u710
u815,u817
u139,u91
u548,u263
u42,u200
u168,u189
u793,u765
u761,u566
u427,u621
u894,u748
u1065,u1007
u835,u865
u844,u813
u741,u879
u715,u784
u942,u1075
u655,u236
u1043,u993
u695,u333
u1100,u1045
u830,u735
u1073,u1055
u865,u722
u145,u3
u181,u76
u480,u26
u710,u741
u413,u579
u896,u888
u166,u128
u323,u120
u1035,u1008
u877,u825
u23,u20
u872,u820
u844,u865
u688,u105
u780,u829
u996,u977
u131,u50
u63,u98
u517,u507
u1041,u1003
u411,u365
u775,u799
u896,u860
u1020,u1012
u704,u1028
u587,u448
u1004,u901
u779,u572
u975,u1063
u849,u771
u251,u698
u675,u593
u884,u761
u211,u1098
u907,u827
u838,u317
u160,u78
u866,u843
u765,u751
u962,u1019
u118,u218
u782,u809
u718,u844
u891,u846
u14,u105
u722,u406
u655,u693
u880,u851
u15,u572
u108,u16
u873,u831
u692,u702
u805,u789
u587,u644
u174,u108
u920,u1003
u644,u1078
u1076,u1071
u997,u444
u268,u663
u866,u887
u99,u97
u689,u370
u12,u63
u568,u308
u1037,u963
u361,u239
u417,u142
u688,u480
u279,u540
u186,u94
u1054,u1084
u1046,u943
u792,u770
u732,u778
u793,u892
u876,u783
u748,u736
u767,u711
u715,u785
u806,u1033
u945,u325
u145,u177
u941,u1040
u826,u858
u1024,u973
u131,u172
u826,u756
u750,u879
u821,u881
u748,u848
u993,u1039
u895,u720
u220,u8
u930,u1043
u36,u196
u634,u323
u846,u896
u982,u1018
u830,u808
u1,u192
u937,u987
u811,u841
u234,u284
u855,u800
u399,u411
u853,u804
u947,u1043
u1064,u1049
u407,u907
u275,u112
u35,u158
u639,u792
u646,u438
u169,u53
u999,u1042
u193,u702
u120,u118
u129,u98
u949,u983
u113,u143
u819,u744
u268,u668
u687,u760
